"","ZCTA","PCSA","numHC","ptsUninsured","ptsMedicaid","poverty","lowInc","nonWhite","hispanic","black","asian","aIaN","popUninsured","popMedicaid","unemployed","limEnglish","lessHS","delayedCare","noUsualCare","pcp1_fte","pcp2_fte","r_pcp1_fte","r_pcp2_fte"
"1","10451","36005006500",28,0.150496883948122,0.598871483914435,0.34678354,0.66495291,0.85208499,0.57227404,0.432201263122673,0.0172110920573842,0.018486762307081,0.165166670007416,0.468419892160597,0.531839609146118,0.233848392963409,0.368225932121277,0.211137518286705,0.211304157972336,241.4,163.7,137.6,93.3
"2","10454","36005006500",27,0.121472920636872,0.660109423987213,0.48743548,0.77068453,0.7546644,0.71959433,0.32396583313979,0.0108642357616578,0.00332894634977162,0.174843975036006,0.514954392702833,0.552574098110199,0.338780730962753,0.429071545600891,0.218585342168808,0.223935008049011,241.4,163.7,137.6,93.3
"3","10455","36005006500",28,0.106984667802385,0.647189097103918,0.40628007,0.7291213,0.86017872,0.75122024,0.310129909138695,0.0032289554704513,0.00493104052464269,0.179408152388015,0.486802771533845,0.53681343793869,0.307377636432648,0.433766782283783,0.219205483794212,0.225576996803284,241.4,163.7,137.6,93.3
"4","10459","36005012701",25,0.099518238128011,0.6712319339298,0.40881329,0.6863444,0.87526156,0.70202407,0.312229381176324,0.0103793324908326,0.0047442457892229,0.157501831646898,0.49109918615473,0.534155964851379,0.250923693180084,0.409370511770248,0.216006502509117,0.219842553138733,60.1,49.3,72.1,59.1
"5","10460","36005012701",29,0.080028211085297,0.678974444075672,0.41354266,0.69745536,0.87292931,0.71477265,0.272070352443929,0.0185936328311405,0.00376644624718795,0.13254045688524,0.496736533997241,0.525081992149353,0.195505276322365,0.406022697687149,0.218436136841774,0.222561284899712,60.1,49.3,72.1,59.1
"6","10474","36005012701",19,0.11318860584766,0.702974024344334,0.41369814,0.72887981,0.75267937,0.70391884,0.322670375521558,0.00466333960566146,0.00335433199705473,0.181442958560343,0.485141158989599,0.577606201171875,0.25027871131897,0.357708871364594,0.218426197767258,0.223547697067261,60.1,49.3,72.1,59.1
"7","10465","36005015200",19,0.0847991112756897,0.614330679503796,0.13893113,0.26800089,0.36455997,0.36115186,0.102415875754961,0.0354831751509922,0.00716134598792062,0.0812014380146121,0.20600719007306,0.454579442739487,0.0531461536884308,0.185195907950401,0.158578738570213,0.190392389893532,9.2,11.2,65.3,79.5
"8","10452","36005022901",31,0.116320104240187,0.641131440360497,0.40136812,0.70574743,0.84860203,0.67123797,0.339672035294743,0.0127172699728911,0.00475734864189656,0.166996459771972,0.504502685458143,0.508822798728943,0.279310613870621,0.36250114440918,0.215164810419083,0.218035280704498,203.9,134.8,146.8,97.1
"9","10456","36005022901",35,0.113341228356746,0.639598987259066,0.42073367,0.70376177,0.89549473,0.60142582,0.404711294243326,0.00765231040910429,0.00412047483567154,0.146076405093673,0.512067471164744,0.548752665519714,0.208087533712387,0.407105624675751,0.209702372550964,0.21110837161541,203.9,134.8,146.8,97.1
"10","10462","36005023800",25,0.10087370929309,0.598159915276675,0.2107926,0.43397622,0.76733584,0.47367107,0.280434611241033,0.116561999106603,0.00599101347978033,0.128504763006672,0.333474745137362,0.423747360706329,0.14370159804821,0.230072110891342,0.202320516109467,0.201767489314079,18.3,23.2,52.7,66.8
"11","10453","36005025100",31,0.121188118811881,0.66372068785826,0.41197462,0.67631936,0.89943293,0.68247639,0.320232399179768,0.0147084883926989,0.00934153565732513,0.164098228354022,0.549966053059708,0.493865698575974,0.276718229055405,0.332942545413971,0.21451373398304,0.21811631321907,22.9,16.6,93.5,67.8
"12","10468","36005026701",30,0.120469924031716,0.657312466270912,0.3287204,0.59569739,0.8648102,0.71429358,0.226600443019688,0.0414127099872047,0.0069067044563378,0.129885210891618,0.439922584089696,0.458381921052933,0.231411442160606,0.324920207262039,0.217583701014519,0.22117318212986,12.1,15,70.7,87.6
"13","10461","36005028400",20,0.0885046942981452,0.649759560338905,0.16064721,0.31430975,0.50267951,0.40114427,0.0795651759321064,0.101325450557834,0.00251740249833127,0.100575565181273,0.246286516742815,0.445853918790817,0.108274377882481,0.198262795805931,0.172693952918053,0.192657291889191,349.8,199,160.6,91.4
"14","10472","36005028400",27,0.121284860123074,0.680181556321739,0.34717281,0.60404917,0.84406896,0.64277409,0.287256492341262,0.0610689214602564,0.00555563530914885,0.149527688217659,0.453871825329487,0.483579605817795,0.236525669693947,0.402708053588867,0.217302918434143,0.21638548374176,349.8,199,160.6,91.4
"15","10469","36005028400",26,0.167619175687487,0.508572581187387,0.13158084,0.33078259,0.80018272,0.26241331,0.544870641325563,0.048587367284506,0.00503868994061544,0.107303307687988,0.262635480429045,0.477030396461487,0.057883407920599,0.197615772485733,0.184817552566528,0.184131309390068,349.8,199,160.6,91.4
"16","10473","36005028400",22,0.0803208314505197,0.623644374152734,0.27119611,0.49349102,0.75216855,0.59047841,0.42043104023487,0.0212517515179823,0.00530459731767532,0.137084255375367,0.37710143012848,0.524926006793976,0.129338622093201,0.254339277744293,0.212148547172546,0.213711276650429,349.8,199,160.6,91.4
"17","10463","36005028900",24,0.144523115368596,0.510620574760516,0.17980069,0.35968893,0.55230355,0.48850333,0.156910637581066,0.0358656896600129,0.00642915298015104,0.0824743801407047,0.286436720063064,0.444951146841049,0.132407575845718,0.189636737108231,0.179661273956299,0.199744567275047,112,71.6,123,78.6
"18","10471","36005028900",15,0.157699443413729,0.419294990723562,0.09273963,0.19253724,0.30011397,0.22899476,0.0787782083428311,0.0894005014816503,0.000182356963756553,0.0600272137324681,0.179348963784802,0.473084777593613,0.0752712488174438,0.0871347710490227,0.139911845326424,0.175843849778175,112,71.6,123,78.6
"19","10467","36005033400",33,0.116760363254463,0.588373386050534,0.28147868,0.5458996,0.80484831,0.48148633,0.367986216763559,0.0688859558090095,0.00735508962126326,0.132051041285719,0.379449062496911,0.475120276212692,0.164653912186623,0.265275299549103,0.199158236384392,0.200405359268188,248.9,195.2,146.6,115
"20","10457","36005039500",33,0.0938186382177597,0.674406442840707,0.40609086,0.69577449,0.85804408,0.64645497,0.380849116383863,0.0101668661550377,0.0034218122931775,0.147279244053438,0.526541714480003,0.534029424190521,0.229370266199112,0.375049769878387,0.215058326721191,0.2179244607687,18,20.6,88.2,100.9
"21","10458","36005039700",32,0.118185269552012,0.661389521640091,0.39301817,0.65784943,0.8060989,0.65674655,0.21321254391945,0.0332345691960774,0.00553253972415963,0.144180380911294,0.473728286660492,0.514580190181732,0.261029273271561,0.352414011955261,0.209046170115471,0.21583479642868,48.1,40.1,197.1,164.3
"22","10466","36005042600",30,0.265837431298814,0.492623662134799,0.21551236,0.43594582,0.92348221,0.21638888,0.73627919663494,0.0196821568543004,0.00305784056160903,0.116953187805331,0.305732484076433,0.456969529390335,0.0585452131927013,0.208911001682281,0.190611824393272,0.182478353381157,3.6,5,15.5,21.5
"23","10475","36005046201",19,0.138672768878719,0.433638443935927,0.10234586,0.32537541,0.83275762,0.325849,0.594881342245749,0.00906195325467678,0.00381319815172043,0.0848721424898322,0.210906455986162,0.497466951608658,0.0744453594088554,0.156679809093475,0.18936724960804,0.188644334673882,18.4,14.8,43.2,34.8
"24","10464","36005051600",6,0.127906976744186,0.476744186046512,0.04060914,0.11520636,0.18380406,0.21954987,0.0183142100617829,0.00463371579876434,0,0.0750885478158205,0.118772136953955,0.384496122598648,0.0107426438480616,0.0458037815988064,0.13649483025074,0.181207254528999,3.9,0.9,89.4,20.6
"25","11238","36047000502",24,0.151624548736462,0.506188757091284,0.13857068,0.30268845,0.58728998,0.11437864,0.425816509170692,0.0668411632248504,0.001385707962047,0.104071802205246,0.178715237270914,0.323800295591354,0.0351305417716503,0.0928498208522797,0.169776037335396,0.157059490680695,350.6,212.3,201.9,122.2
"26","11201","36047000502",23,0.151222456987625,0.606097192876547,0.14308848,0.22624136,0.35278289,0.13767526,0.135851862342444,0.0979323042062031,0.00237218524288344,0.083720849225839,0.128724942090322,0.347184002399445,0.0511069148778915,0.0767161399126053,0.148093014955521,0.151705697178841,350.6,212.3,201.9,122.2
"27","11205","36047000502",26,0.0796354201317278,0.744661033863349,0.34524991,0.5062084,0.535988,0.21424284,0.32151431209603,0.0651892890120037,0.00113111726685134,0.100662980890551,0.319102567043656,0.42831689119339,0.0811133235692978,0.187273591756821,0.174843803048134,0.164677366614342,350.6,212.3,201.9,122.2
"28","11209","36047006000",15,0.15403564700768,0.458049558035067,0.15561936,0.30764984,0.24284258,0.15857926,0.0247030944311262,0.127304290319914,0.00297594444903695,0.100489069096685,0.249759645529407,0.425697416067123,0.118449993431568,0.130761101841927,0.143215328454971,0.154933482408524,90.5,55.4,299.8,183.5
"29","11231","36047006300",18,0.0930232558139535,0.650975243810953,0.16301049,0.26009422,0.33590522,0.22063286,0.123652651350961,0.0529403265424072,0.0011270047680971,0.0618435783973983,0.124993335821293,0.33105006814003,0.0606873966753483,0.122015111148357,0.158843383193016,0.160020366311073,40.5,27.6,310.8,211.8
"30","11220","36047007400",21,0.200556301553808,0.642688151416331,0.32006291,0.62658503,0.70487145,0.41020498,0.0246669616084157,0.412977436956201,0.0144816398761245,0.165023043758363,0.438237771941127,0.430503726005554,0.403585165739059,0.477251529693604,0.180217698216438,0.209043964743614,161.7,80.3,209,103.8
"31","11217","36047012901",19,0.179904306220096,0.525837320574163,0.14606948,0.27380796,0.44888117,0.21881401,0.199522908185755,0.0696450333186403,0.007804599787383,0.0838701894076487,0.155145373386416,0.320104032754898,0.0544005744159222,0.126869931817055,0.16389536857605,0.161604151129723,183.5,96.4,348.1,182.9
"32","11215","36047012901",19,0.214378238341969,0.465241796200345,0.0823595,0.17018294,0.26218713,0.1817806,0.0482638690917384,0.0781258908717715,0.00240891727008381,0.0654722697931761,0.100316163878277,0.262665927410126,0.0495100729167461,0.0813042819499969,0.146211341023445,0.153060883283615,183.5,96.4,348.1,182.9
"33","11232","36047014300",14,0.229652996845426,0.618170347003155,0.27827622,0.5291587,0.63408258,0.59238761,0.0517791661007741,0.151976096699715,0.0104916474263208,0.161021814006889,0.395522388059701,0.421899408102036,0.247241377830505,0.359643250703812,0.196385577321053,0.206122174859047,12.9,7.9,46.6,28.5
"34","11228","36047014800",11,0.167794316644114,0.57510148849797,0.11909279,0.29359939,0.3575197,0.10364967,0.00955296467574198,0.299051216917432,0.00451594693762348,0.0963153917951909,0.271878750166674,0.458160936832428,0.148714244365692,0.227360665798187,0.139632686972618,0.159456238150597,70.2,62.4,53.6,47.7
"35","11204","36047014800",17,0.109770548314123,0.716363244640741,0.22793219,0.46596036,0.34693649,0.10642323,0.00606105863171913,0.288765261546503,0.00286251229013429,0.103775188152464,0.402403495994173,0.475082457065582,0.302134841680527,0.276327520608902,0.142096534371376,0.163390338420868,70.2,62.4,53.6,47.7
"36","11219","36047021800",19,0.0907254090281884,0.793563966095013,0.36070026,0.64976705,0.34132234,0.12606489,0.0119733789847952,0.257761930327495,0.00263373818616477,0.104073649285217,0.482120181870315,0.458807587623596,0.327834367752075,0.349476128816605,0.143793389201164,0.163187861442566,20.7,23.7,167.4,191.7
"37","11214","36047032800",16,0.188888888888889,0.604186795491143,0.18576679,0.41471796,0.45083072,0.13516881,0.0101475701326206,0.34937766855046,0.00234436051054962,0.110400214760296,0.362061251426143,0.481940984725952,0.363595724105835,0.264992237091064,0.146120443940163,0.17090716958046,40.5,29.4,53.3,38.7
"38","11224","36047032800",20,0.188766891891892,0.596283783783784,0.29823353,0.52614084,0.39673989,0.17085109,0.216989086139866,0.0777085577778819,0.00496510375193217,0.0995924315216649,0.416198000865229,0.576452374458313,0.358122617006302,0.202832788228989,0.162068352103233,0.159275859594345,40.5,29.4,53.3,38.7
"39","11213","36047033300",29,0.16863721219664,0.617797137523335,0.27406441,0.52958613,0.80167633,0.1060297,0.696985148830391,0.0168111415641532,0.00256549174580917,0.123833309319117,0.314506187663097,0.483456641435623,0.085040770471096,0.214396744966507,0.191181227564812,0.159655123949051,22.7,18.7,81.3,66.9
"40","11233","36047036900",34,0.146217752514211,0.637166593790993,0.30788469,0.52123692,0.95344429,0.14383158,0.832373594497178,0.0168301334060916,0.00165142094001752,0.115200786170545,0.352406902815622,0.482765704393387,0.0436922609806061,0.248069539666176,0.207119926810265,0.170603156089783,5.3,5.3,36.4,36.4
"41","11223","36047040200",22,0.165073295092416,0.607393244104525,0.1947877,0.45559871,0.35126743,0.11616287,0.0431175066209182,0.23316068935826,0.00365292037938187,0.107483314320181,0.345095262447058,0.501708209514618,0.31286883354187,0.236238539218903,0.142790421843529,0.160716041922569,22.9,18.8,62.3,51.1
"42","11237","36047043100",25,0.219677692960136,0.590048063330506,0.31798737,0.57524621,0.55170292,0.72335227,0.15130840783235,0.0681349306887691,0.00209924354844547,0.223923374197962,0.271481666389305,0.394576042890549,0.344782114028931,0.471775621175766,0.220438212156296,0.223682761192322,0.7,1.7,13.7,33.2
"43","11206","36047049100",31,0.0758695750759603,0.741735068704367,0.35829678,0.62296251,0.54923058,0.43904785,0.2586198605434,0.0525126232267372,0.00561433036787689,0.130441763100369,0.360524138271727,0.476015716791153,0.186853006482124,0.319770723581314,0.19677110016346,0.190838515758514,123.7,54.5,260.8,114.9
"44","11218","36047049400",24,0.12217324645458,0.721828286699885,0.22545323,0.44656131,0.4261167,0.1961348,0.0820023425437896,0.172283447798541,0.00300803918436884,0.106317489151277,0.367292360480371,0.403969019651413,0.224576100707054,0.198877468705177,0.153662979602814,0.163990989327431,73.1,50.9,111.5,77.6
"45","11211","36047052300",26,0.0545029846872567,0.733584220088243,0.3155257,0.5134087,0.20558507,0.26061195,0.0501262132846083,0.0434511676049049,0.00264044528469281,0.0953745564395154,0.330422817889325,0.357884526252747,0.139448687434196,0.191513165831566,0.156420439481735,0.161355257034302,33.8,21.9,51.1,33.1
"46","11230","36047055400",23,0.131314878892734,0.626643598615917,0.24128894,0.46749948,0.29551824,0.09808876,0.0756684737664247,0.13423458605164,0.00204447303133327,0.108522360038164,0.337293404327352,0.477256268262863,0.292113274335861,0.174506336450577,0.141833424568176,0.149924203753471,131.9,109.7,113.6,94.5
"47","11222","36047057500",17,0.206284153005464,0.469262295081967,0.1265742,0.26658348,0.16286871,0.1246096,0.0296992481203008,0.0551185656448814,0.00670908039329092,0.0954016561493197,0.178235748329206,0.301875948905945,0.139359027147293,0.0941972807049751,0.141075357794762,0.148748457431793,23,15,56.2,36.7
"48","11229","36047058000",17,0.132185886402754,0.551807228915663,0.14994763,0.35525846,0.29875478,0.08447345,0.0508537080060479,0.208331796781847,0.000860468832589642,0.101618515394348,0.242737768873893,0.461483150720596,0.203117430210114,0.152941182255745,0.139402940869331,0.154268741607666,41.9,43.9,121,126.8
"49","11235","36047060800",15,0.201161562829989,0.543822597676874,0.2196554,0.40424122,0.19354156,0.08459179,0.0260506201898918,0.130768823887229,0.00436380947343366,0.0939239926122653,0.301683810345525,0.489257007837296,0.432376027107239,0.103214830160141,0.137392058968544,0.148573115468025,222.9,157.7,218.9,154.9
"50","11234","36047065000",19,0.177791838025941,0.510597912053148,0.09552605,0.25123927,0.55680368,0.08446815,0.464198305616567,0.0487919673674302,0.000857650873339609,0.0831778026626851,0.211200282028949,0.425214052200317,0.083214707672596,0.116130031645298,0.168653517961502,0.15322633087635,40.4,23.2,98.9,56.8
"51","11210","36047078600",22,0.166877370417193,0.519848293299621,0.15055851,0.37042291,0.68470511,0.07332717,0.583902628203216,0.0447928164434235,0.000701053071209093,0.10382376345437,0.2779941645377,0.439824014902115,0.144298359751701,0.112438328564167,0.177009224891663,0.154853209853172,24.8,16.2,65.6,42.9
"52","11226","36047079200",31,0.216863905325444,0.566173570019724,0.20241581,0.44802948,0.91027376,0.16221935,0.745205953265038,0.0307327643211019,0.000752805216736691,0.124727132232203,0.310151646865643,0.413447648286819,0.0978665500879288,0.204641059041023,0.20282644033432,0.17123755812645,25.9,17.8,34.7,23.8
"53","11216","36047081600",23,0.187243267914194,0.558306709265176,0.21899683,0.40320735,0.82145481,0.10095518,0.71730345334313,0.0367927994121969,0.00426157237325496,0.112280124938353,0.273001260343033,0.39441442489624,0.0392503216862679,0.162633702158928,0.195123016834259,0.16286438703537,404.2,217.8,122.1,65.8
"54","11212","36047081600",33,0.104569465100774,0.725165393097082,0.35354547,0.5986885,0.95888366,0.15428884,0.860651160670534,0.00957254048386913,0.00300851272350173,0.125033630057668,0.396004164278445,0.537324130535126,0.0524686314165592,0.254444569349289,0.208370953798294,0.170342639088631,404.2,217.8,122.1,65.8
"55","11225","36047081600",25,0.192024840660239,0.550416734760582,0.21618758,0.43735388,0.81161827,0.08890678,0.731451193531612,0.0213711774277423,0.00243235535873048,0.11894785449197,0.24707974893537,0.442935347557068,0.0695041716098785,0.163285583257675,0.193590253591537,0.161768332123756,404.2,217.8,122.1,65.8
"56","11221","36047081600",30,0.165512465373961,0.624653739612188,0.27014087,0.4926077,0.69999881,0.39387392,0.567450133097776,0.0293531328709727,0.00649373903286262,0.152326695110271,0.299105643526178,0.467593371868134,0.101236365735531,0.297880351543427,0.213663101196289,0.193226248025894,404.2,217.8,122.1,65.8
"57","11203","36047086800",24,0.156504336224149,0.578785857238159,0.17244552,0.36741936,0.95552583,0.06453624,0.898533975665814,0.0149069613431847,0.00201269948448923,0.108254522082453,0.2521216732033,0.464888483285904,0.0477838329970837,0.153341665863991,0.202398031949997,0.16179521381855,24.1,21.1,85,74.4
"58","11236","36047095000",27,0.202235039653929,0.548846431146359,0.14452036,0.30762959,0.94248521,0.0738584,0.85402296497943,0.0281331231962667,0.00503510244182001,0.0936739783195074,0.251483536057815,0.395762592554092,0.0624686703085899,0.160355448722839,0.20233428478241,0.164356902241707,70.5,58.3,59.4,49.1
"59","11239","36047110400",13,0.142387732749179,0.507119386637459,0.31795269,0.52369135,0.67511396,0.2166422,0.542300857606428,0.0275052151742255,0.00703082747431044,0.0802151019493614,0.290611696168497,0.597579121589661,0.22564908862114,0.204037100076675,0.183572500944138,0.165596306324005,14,6,32.9,14.1
"60","11208","36047114400",32,0.141948310139165,0.684453280318091,0.33558047,0.58840479,0.70751772,0.40805532,0.550172335305976,0.0472892415078797,0.0037935444711799,0.0900144408193828,0.383783494678291,0.513684034347534,0.0938318371772766,0.225891754031181,0.214804634451866,0.196712717413902,38.8,32.9,36.8,31.2
"61","11207","36047114400",34,0.14365028029323,0.677554980595084,0.33193927,0.55560599,0.84888461,0.34241695,0.657229979136575,0.0105601027122452,0.00379821323490077,0.124705412002357,0.358261089133911,0.506250262260437,0.0815533399581909,0.285504341125488,0.214538708329201,0.187016040086746,38.8,32.9,36.8,31.2
"62","11363","36059301800",1,0.134328358208955,0.552238805970149,0.05940984,0.18859016,0.43619672,0.1732459,0.00852459016393443,0.331540983606557,0,0.0797408093097064,0.101957154192013,0.384015917778015,0.101583622395992,0.0676792934536934,0.140855222940445,0.1454698741436,298,197.7,341.2,226.3
"63","11004","36059302800",1,0,0.833333333333333,0.09172175,0.17750901,0.51078676,0.10929156,0.0724101103595586,0.350800996796013,0.00441438234247063,0.062910284463895,0.150437636761488,0.44604679942131,0.0458045415580273,0.102543957531452,0.142744034528732,0.141812071204185,628.8,437.8,164.1,114.3
"64","11005","36059302800",0,NA,NA,0.01271785,0.18228921,0.0164861,0.0178992,0.00847856806406029,0,0,0.0297482837528604,0.0224256292906178,0.821008026599884,0.0259419400244951,0.0282618943601847,0.0966263189911842,0.104219920933247,628.8,437.8,164.1,114.3
"65","11423","36059302800",14,0.209273182957393,0.596491228070175,0.10848414,0.29258708,0.84550588,0.15574205,0.411568339936979,0.247714722490874,0.0171590802732974,0.126284738394659,0.253625213476168,0.421794682741165,0.0841280966997147,0.18585467338562,0.184791907668114,0.152989193797112,628.8,437.8,164.1,114.3
"66","11426","36059302800",5,0.237704918032787,0.467213114754098,0.09090909,0.25399386,0.53416374,0.2098925,0.0356109158569361,0.389549307421956,0.00175728757494315,0.0766394816221651,0.176460730644621,0.402084648609161,0.0956607460975647,0.118055045604706,0.151820987462997,0.153757110238075,628.8,437.8,164.1,114.3
"67","11427","36059302800",10,0.23121387283237,0.482658959537572,0.11188265,0.25141047,0.72391304,0.14484228,0.25537084398977,0.327962489343564,0.00230179028132992,0.0854534440983039,0.194314641744548,0.432222843170166,0.0902569442987442,0.158251971006393,0.172170832753181,0.153423890471458,628.8,437.8,164.1,114.3
"68","11428","36059302800",9,0.297734627831715,0.527508090614887,0.10891816,0.27503795,0.77000147,0.27672157,0.18723425052539,0.28830457944382,0.00298128146229412,0.0841178256908594,0.202449640651888,0.406931221485138,0.111225537955761,0.18462285399437,0.185593247413635,0.173080965876579,628.8,437.8,164.1,114.3
"69","11435","36059302800",20,0.18566715542522,0.654875366568915,0.17904879,0.39418579,0.77970765,0.31533481,0.240082167158814,0.222750032096546,0.00328301817581571,0.1355693551881,0.302621127879269,0.404339730739594,0.192488268017769,0.214247986674309,0.191133871674538,0.179883375763893,628.8,437.8,164.1,114.3
"70","11432","36059302800",20,0.292159559834938,0.569463548830812,0.21647467,0.45792916,0.77248177,0.26248898,0.16720891097043,0.397323503485856,0.00511258914977162,0.139742733043769,0.312813230872035,0.45742404460907,0.212273746728897,0.227466449141502,0.182524263858795,0.173714473843575,628.8,437.8,164.1,114.3
"71","11365","36059302800",12,0.189864382583869,0.591720199857245,0.14486014,0.32666775,0.63621401,0.17995735,0.0564467522833697,0.448467708285039,0.000904075293244935,0.114949063125341,0.229670729488812,0.458573520183563,0.171044081449509,0.140989080071449,0.165552854537964,0.16495954990387,628.8,437.8,164.1,114.3
"72","11362","36059302800",3,0.17741935483871,0.487903225806452,0.08168554,0.17700411,0.47806895,0.08811533,0.0234676202715539,0.421411409733475,0.00100575515449517,0.0797129665683929,0.10096234076876,0.412195116281509,0.145131215453148,0.101949460804462,0.144631534814835,0.145232394337654,628.8,437.8,164.1,114.3
"73","11367","36059302800",16,0.165605095541401,0.587579617834395,0.15887093,0.34636172,0.438483,0.16434996,0.0927805300370353,0.23397142994565,0.00538694627483046,0.115763606138724,0.260606644662346,0.450573772192001,0.156050741672516,0.135258704423904,0.14555649459362,0.143100097775459,628.8,437.8,164.1,114.3
"74","11364","36059302800",7,0.15843621399177,0.574074074074074,0.08602644,0.23132509,0.57526789,0.08268867,0.021689301472695,0.498710675605982,0,0.0830028082568542,0.111316985611303,0.426704913377762,0.163089483976364,0.102485552430153,0.148234412074089,0.148239061236382,628.8,437.8,164.1,114.3
"75","11366","36059302800",4,0.168253968253968,0.561904761904762,0.13352819,0.25382663,0.49733759,0.07766621,0.058344743648258,0.378974593032101,0,0.100838397046381,0.228213214368126,0.466477632522583,0.158236652612686,0.11081501096487,0.142605662345886,0.140762999653816,628.8,437.8,164.1,114.3
"76","10005","36061001501",7,0.236180904522613,0.376884422110553,0.10284204,0.12954395,0.25059445,0.0675033,0.0371202113606341,0.162879788639366,0,0.0547426841574168,0.0438950554994955,0.16288423538208,0.0360975600779057,0.0223379246890545,0.105884715914726,0.131872266530991,93.5,46.9,249.8,125.3
"77","10006","36061001501",5,0.256756756756757,0.351351351351351,0.08305085,0.11423729,0.28474576,0.0840678,0.031864406779661,0.178983050847458,0,0.0528109028960818,0.034412265758092,0.130869895219803,0.0130486357957125,0.00428449036553502,0.10969652980566,0.133698299527168,93.5,46.9,249.8,125.3
"78","10280","36061001501",6,0.120879120879121,0.428571428571429,0.05500737,0.0768969,0.28070772,0.11942838,0.009300215492798,0.19689236701826,0,0.0380713428602596,0.0258536053234428,0.21306312084198,0.0636574104428291,0.0194217935204506,0.11043581366539,0.134777992963791,93.5,46.9,249.8,125.3
"79","10038","36061001501",17,0.124778761061947,0.572566371681416,0.19920724,0.33946539,0.50573892,0.16278516,0.0601990760584845,0.330856789065105,0.0171453064723532,0.0638092332723205,0.162649989831198,0.3892802298069,0.156504482030869,0.182641565799713,0.133058771491051,0.163827791810036,93.5,46.9,249.8,125.3
"80","10007","36061002100",4,0.175925925925926,0.472222222222222,0.02979962,0.05857167,0.3283936,0.08269117,0.0699466508595139,0.167753408417309,0,0.0399234345091605,0.0501777413180202,0.330491930246353,0.0215419493615627,0.0633281394839287,0.109577767550945,0.130882799625397,30,19,255.8,162
"81","10004","36061002100",4,0.25,0.308823529411765,0.08564815,0.12400794,0.22585979,0.09126984,0.023478835978836,0.182539682539683,0,0.0451767207015679,0.0374701036407122,0.200386852025986,0.0075949365273118,0.0127248791977763,0.117032244801521,0.136578008532524,30,19,255.8,162
"82","10002","36061002900",24,0.133447083651385,0.573571011629473,0.27509936,0.54198473,0.68836208,0.26011966,0.0761508999424237,0.436365684532005,0.00269106566200215,0.0921136256873636,0.31386609190638,0.499573409557343,0.296190470457077,0.347436487674713,0.154516115784645,0.199082747101784,268.6,212.8,167,132.3
"83","10013","36061002900",11,0.202473660100779,0.537792029317453,0.13514822,0.26134301,0.43672272,0.06812191,0.0419497345658388,0.336340349704867,0.00122508074395812,0.0553852279514234,0.106191519012542,0.381832271814346,0.160507783293724,0.182878583669662,0.117222167551517,0.153427496552467,268.6,212.8,167,132.3
"84","10001","36061007800",15,0.372983437298344,0.471284147128415,0.19007465,0.29158603,0.39478192,0.16532701,0.114200377739711,0.180085211051083,0.00426055255413537,0.0632951945080091,0.12279176201373,0.350171327590942,0.0602560676634312,0.085068590939045,0.128775224089623,0.148085668683052,801.1,484.4,411.5,248.8
"85","10016","36061007800",19,0.250562303193882,0.524966261808367,0.10702875,0.18710576,0.27943407,0.09329103,0.038154533844189,0.163513729246488,0.00219508301404853,0.0504772722743668,0.0500388593292282,0.293398648500443,0.0619921982288361,0.0394663289189339,0.109961412847042,0.128425270318985,801.1,484.4,411.5,248.8
"86","10003","36061007800",14,0.277818448023426,0.47510980966325,0.10202609,0.1877074,0.22807878,0.07024953,0.0457349127356837,0.131492254853859,0.00268101212588491,0.0622186655996799,0.0958287486245874,0.348433434963226,0.0290596429258585,0.0363993979990482,0.107303865253925,0.125792756676674,801.1,484.4,411.5,248.8
"87","10009","36061007800",23,0.0959010054137664,0.586716937354988,0.20812422,0.36901688,0.40217778,0.25635052,0.0676633336569265,0.150325211144549,0.000792803287706695,0.0781832336717961,0.184707889549618,0.379441499710083,0.103382453322411,0.149008721113205,0.139310821890831,0.157890155911446,801.1,484.4,411.5,248.8
"88","10010","36061007800",8,0.170876671619614,0.421991084695394,0.13526113,0.19176306,0.27624723,0.10873388,0.0645108766445226,0.153477921062915,0.00543832226129999,0.0526062550120289,0.0532477947072975,0.341883957386017,0.0473812334239483,0.036677997559309,0.11056887358427,0.128512069582939,801.1,484.4,411.5,248.8
"89","10018","36061007800",9,0.188133140376266,0.499276410998553,0.15323284,0.2783107,0.44430662,0.17811957,0.060654924336393,0.309228479285537,0.00682212850409328,0.0769467528470299,0.124653739612188,0.244758069515228,0.0869458094239235,0.0713359266519547,0.137324795126915,0.168272733688354,801.1,484.4,411.5,248.8
"90","10012","36061008100",10,0.175579322638146,0.490196078431373,0.10321772,0.19527789,0.23971665,0.05968768,0.0239877646301216,0.151130966755212,0.00124768574418417,0.0614675531264021,0.0730513521230167,0.295482337474823,0.0616746917366982,0.0613032653927803,0.103802144527435,0.126286119222641,151.5,72.3,188.3,89.9
"91","10011","36061008100",15,0.25847022587269,0.424281314168378,0.08844,0.17376934,0.20672069,0.098657,0.0378156816078276,0.10269923121966,0.004590015300051,0.0566547238744065,0.092306606187896,0.279185712337494,0.039804819971323,0.0444489978253841,0.110790431499481,0.126151919364929,151.5,72.3,188.3,89.9
"92","10014","36061008100",10,0.21357063403782,0.362625139043382,0.06657106,0.1195666,0.10689493,0.06521125,0.0161457515313334,0.0523009266530548,0.00530862258520496,0.0458108396620612,0.0500503248238631,0.256807893514633,0.0113372709602118,0.013119162991643,0.098611555993557,0.11208788305521,151.5,72.3,188.3,89.9
"93","10020","36061012800",0,NA,NA,NA,NA,NA,NA,NA,NA,NA,0,0,NA,NA,NA,0,0,1244.6,721.8,319.6,185.4
"94","10017","36061012800",6,0.180929095354523,0.572127139364303,0.07158672,0.11685117,0.27386657,0.06880452,0.0282589998771348,0.219928738174223,0,0.0422284580110875,0.0356580658408049,0.220371216535568,0.0837204679846764,0.0219385139644146,0.10885276645422,0.132582023739815,1244.6,721.8,319.6,185.4
"95","10022","36061012800",8,0.220973782771536,0.404494382022472,0.05138799,0.10817086,0.13949965,0.06724132,0.0164988720158928,0.0976127142328024,0.000168355836896865,0.0389484311898105,0.0315703634669152,0.334147483110428,0.0243277121335268,0.0176225323230028,0.1021658629179,0.118522763252258,1244.6,721.8,319.6,185.4
"96","10023","36061012800",15,0.153084982537835,0.477299185098952,0.08105792,0.14492632,0.16854284,0.09380863,0.0279121819558277,0.0957012606563313,0.00134952766531714,0.0357797980205205,0.058920760345905,0.339545667171478,0.04614382609725,0.0278258752077818,0.107158564031124,0.121805869042873,1244.6,721.8,319.6,185.4
"97","10028","36061012800",10,0.262921348314607,0.29438202247191,0.05427482,0.11190796,0.11596526,0.04656804,0.0117827979813295,0.0709350429942169,0.00168944529879356,0.0388780231837046,0.0469636979439966,0.282266855239868,0.0239455886185169,0.0206646788865328,0.097877062857151,0.112591326236725,1244.6,721.8,319.6,185.4
"98","10021","36061012800",9,0.29144385026738,0.358288770053476,0.07678421,0.13626188,0.15870153,0.06440131,0.0197665037254995,0.09645958900859,0.000616961700915951,0.0367099022359888,0.0559481173168135,0.325541645288467,0.0374404340982437,0.0303903203457594,0.0991041287779808,0.112750537693501,1244.6,721.8,319.6,185.4
"99","10075","36061012800",3,0.304347826086957,0.326086956521739,0.09012822,0.12730819,0.10768347,0.07576814,0.00988636829798581,0.0564876728063338,0.00180498010419658,0.04268245491835,0.0565358718365452,0.329069674015045,0.0291884727776051,0.0222211424261332,0.101428233087063,0.11570193618536,1244.6,721.8,319.6,185.4
"100","10128","36061012800",13,0.189858490566038,0.42688679245283,0.07743875,0.14434763,0.18755104,0.10935673,0.0469197879802072,0.102406841001169,0.000416353067401156,0.0444925232544448,0.0648769574944072,0.313658982515335,0.0543876700103283,0.0458134226500988,0.110470071434975,0.125873759388924,1244.6,721.8,319.6,185.4
"101","10019","36061012800",16,0.161199625117151,0.549203373945642,0.11795045,0.21052768,0.27508258,0.16928159,0.0551971511147812,0.144199009083402,0.00387076796036334,0.0594850396906167,0.0976236515367393,0.308717429637909,0.080657459795475,0.068839393556118,0.12409546226263,0.141630470752716,1244.6,721.8,319.6,185.4
"102","10065","36061012800",7,0.236196319018405,0.50920245398773,0.0583059,0.11173715,0.12631844,0.0549416,0.0297534712383111,0.0723528856144328,0.00144831711847864,0.0409552879616275,0.0415255090061383,0.306716620922089,0.030926650390029,0.0126146348193288,0.0984234362840652,0.11417879909277,1244.6,721.8,319.6,185.4
"103","10036","36061012800",20,0.199841709537,0.477641472101306,0.12048093,0.25953566,0.33112281,0.17001699,0.0744394247109048,0.172793965267128,0.00198947237534712,0.0744811260937566,0.120218117259162,0.268529444932938,0.0779551416635513,0.0580408126115799,0.127846956253052,0.144928008317947,1244.6,721.8,319.6,185.4
"104","10044","36061012800",8,0.188405797101449,0.481159420289855,0.11303433,0.16237927,0.44215768,0.15717842,0.140580912863071,0.227219917012448,0.00522821576763485,0.0462419039011899,0.055957222473264,0.445631802082062,0.130730047821999,0.120030172169209,0.137874841690063,0.153101354837418,1244.6,721.8,319.6,185.4
"105","10026","36061017200",24,0.127756160830091,0.618158236057069,0.28725107,0.45661585,0.76078912,0.20942354,0.574481392682164,0.0425049515271552,0.000781820077139581,0.105115147830052,0.291479820627803,0.449213474988937,0.0802430808544159,0.180146783590317,0.183845296502113,0.156227082014084,937.8,557.2,196.6,116.8
"106","10027","36061017200",31,0.132476076555024,0.629186602870813,0.30225041,0.47403377,0.71475015,0.23735668,0.416702348668665,0.0922340104984379,0.00318759217850516,0.111025063362433,0.286292593635596,0.507367253303528,0.1040278673172,0.185660466551781,0.173367857933044,0.161858439445496,937.8,557.2,196.6,116.8
"107","10025","36061017200",29,0.101449275362319,0.588566827697262,0.17046964,0.30771141,0.35271585,0.22238197,0.155309993530034,0.0962073675454181,0.00871904942848634,0.0584329349269588,0.125327262379055,0.415085226297379,0.0781067237257957,0.0961506739258766,0.13280314207077,0.142961457371712,937.8,557.2,196.6,116.8
"108","10035","36061017200",26,0.14404996712689,0.641748849441157,0.38944214,0.60847214,0.78567319,0.45506329,0.415477560414269,0.0454833141542002,0.00500575373993096,0.112807933744791,0.442501450651474,0.545125484466553,0.177545890212059,0.336289972066879,0.20374196767807,0.194847464561462,937.8,557.2,196.6,116.8
"109","10024","36061017200",17,0.142246404974738,0.520015546055189,0.07177719,0.14811086,0.18702425,0.12239869,0.0608786646188121,0.0623976775979341,0.00303802595824402,0.0376587939789299,0.0646560292018287,0.320035994052887,0.0372110716998577,0.0476686134934425,0.109130218625069,0.119849093258381,937.8,557.2,196.6,116.8
"110","10037","36061017200",21,0.124090006618134,0.56783587028458,0.27943326,0.50179917,0.89324317,0.21589712,0.737708552740979,0.0308741200598636,0.0017183082977662,0.106029106029106,0.323951170105016,0.489549845457077,0.0434734523296356,0.136233016848564,0.197302848100662,0.153436347842216,937.8,557.2,196.6,116.8
"111","10029","36061017200",32,0.162133645955451,0.613364595545135,0.30130587,0.57376048,0.67925813,0.48180639,0.305084963458649,0.086479057759739,0.00156697535224835,0.112479163509623,0.396739404960348,0.504595816135406,0.166723743081093,0.255943417549133,0.195583149790764,0.194222807884216,937.8,557.2,196.6,116.8
"112","10039","36061017200",23,0.131977498918217,0.637386412808308,0.3020797,0.53859262,0.86078144,0.31292386,0.65047009864365,0.0230810727496917,0.00651202219482121,0.110412637008382,0.36955996131528,0.50808185338974,0.0861387103796005,0.226890757679939,0.207209303975105,0.171671807765961,937.8,557.2,196.6,116.8
"113","10031","36061017200",24,0.183493875609466,0.595671304554644,0.27590735,0.54627166,0.72380839,0.53340576,0.340779467680608,0.0250033948940793,0.00444731124388919,0.13162034609334,0.312482027166467,0.420722454786301,0.178835421800613,0.280577331781387,0.202097073197365,0.195121735334396,937.8,557.2,196.6,116.8
"114","10030","36061017200",29,0.121315677061085,0.621529260999573,0.30921923,0.596824,0.86962411,0.2213681,0.704774805282763,0.0221131053166272,0.00460548594649509,0.11313672922252,0.328987935656836,0.492990553379059,0.0593770816922188,0.237501248717308,0.198867484927177,0.162965074181557,937.8,557.2,196.6,116.8
"115","10033","36061025500",20,0.214394516374714,0.493907083015994,0.24057309,0.50642458,0.58265036,0.69263054,0.0861202908129544,0.0270819563780568,0.00424653007270324,0.121272949816401,0.319314565483476,0.424125641584396,0.238530233502388,0.293028950691223,0.196965828537941,0.209950566291809,89.2,89.2,274.1,274.1
"116","10032","36061026300",23,0.176153587066352,0.581508925564163,0.2836137,0.59567141,0.70190794,0.66706733,0.218490240227531,0.0341634359816486,0.0106147048367164,0.125227873671763,0.341112516218036,0.466705322265625,0.240805208683014,0.338252454996109,0.207378536462784,0.211060121655464,235.8,158.5,303.6,204
"117","10040","36061027900",18,0.211009174311927,0.517624336069532,0.19934348,0.45713105,0.61747427,0.7123327,0.0988559565351826,0.0238747294491806,0.00797296700384293,0.117719406131951,0.304818589124132,0.419314563274384,0.208409383893013,0.276759177446365,0.197536394000053,0.208890721201897,8.9,2.9,49.7,16.2
"118","10034","36061029100",19,0.213478442863123,0.517371285056509,0.259462,0.54077294,0.63798275,0.76110799,0.0793963254593176,0.0195678665166854,0.00754593175853018,0.116091641764013,0.348116453862175,0.422322332859039,0.260359287261963,0.292220890522003,0.201830729842186,0.213347852230072,19.1,13.7,57.4,41.2
"119","11421","36081001000",20,0.25418833044483,0.56787983824379,0.15400512,0.33445272,0.54158381,0.56268569,0.0675166686162124,0.190244473037782,0.0046321207158732,0.141202414113278,0.33052460538533,0.411208271980286,0.140432864427567,0.23500956594944,0.202973514795303,0.219970539212227,0,0,0,0
"120","11416","36081003800",12,0.206720977596741,0.642566191446029,0.16260853,0.35928999,0.73503253,0.41851153,0.0616024332961152,0.358564663304201,0.000654525853771224,0.142323951708116,0.342194462429067,0.415538877248764,0.125017583370209,0.251273661851883,0.195813626050949,0.203785687685013,1.1,3.1,48.1,135.5
"121","11106","36081007100",15,0.18770037889828,0.601573885164675,0.19994301,0.38517137,0.40747547,0.31366966,0.0802681645225584,0.163150674293997,0.00214842233323842,0.148014705882353,0.229436274509804,0.371946483850479,0.164187878370285,0.168915018439293,0.160225108265877,0.166970267891884,71.8,54.5,60,45.6
"122","11102","36081007100",18,0.307486631016043,0.509625668449198,0.18598569,0.4212629,0.42889771,0.34039455,0.104433722556885,0.137008593370828,0.00528163987780855,0.156918458156865,0.254516699726586,0.348828703165054,0.135607928037643,0.200269356369972,0.163937240839005,0.17037345468998,71.8,54.5,60,45.6
"123","11101","36081007100",18,0.128516003879728,0.644762366634336,0.21585317,0.42880194,0.5114745,0.31046333,0.181696093533989,0.187423470395387,0.0062803649721531,0.177609427609428,0.266184573002755,0.387496501207352,0.16817469894886,0.194743394851685,0.183044523000717,0.183954015374184,71.8,54.5,60,45.6
"124","11105","36081011700",12,0.229540918163673,0.559880239520958,0.13473135,0.31096865,0.24196002,0.22438614,0.0227075184702303,0.112994350282486,0.00228161668839635,0.146123800408702,0.197340852065496,0.363033205270767,0.112195745110512,0.156933918595314,0.138317421078682,0.150486156344414,8.4,5.4,69.4,44.6
"125","11418","36081012400",15,0.256237356709373,0.592043155765341,0.1456656,0.36718319,0.6477919,0.42719926,0.078038692824685,0.2604010775217,0.00985007210688145,0.143058735821929,0.330448905692529,0.41095232963562,0.155489459633827,0.237006485462189,0.19544030725956,0.203708425164223,82.2,57.9,301.8,212.6
"126","11415","36081013400",10,0.257425742574257,0.37953795379538,0.11379074,0.24606393,0.39605678,0.23706625,0.0691377497371188,0.179074658254469,0.00173501577287066,0.129925563479257,0.273020665243871,0.365491181612015,0.13095811009407,0.107175551354885,0.157090947031975,0.163195833563805,15.7,6.2,83.5,33
"127","11103","36081015100",12,0.380701754385965,0.428070175438596,0.14387472,0.32669041,0.25495988,0.22500457,0.0281517107980239,0.148626395169511,0.00290142980369606,0.15290148113231,0.204803135931724,0.326901406049728,0.182863429188728,0.149059772491455,0.145607024431229,0.157405108213425,51.5,31.7,114.3,70.4
"128","11419","36081015802",13,0.307039864291773,0.543681085665819,0.17827966,0.39608281,0.88902212,0.18447385,0.170167459168906,0.302853008062849,0.00564399421128799,0.13654,0.3161,0.429684340953827,0.0765577182173729,0.269013643264771,0.182923585176468,0.169534832239151,23.2,22.2,95,90.9
"129","11104","36081018300",11,0.398514851485149,0.386138613861386,0.13847141,0.33551091,0.33590661,0.29549991,0.0135191112784786,0.249218602899642,0.000677838448503107,0.215837010479868,0.26261720904578,0.334941655397415,0.247938185930252,0.127726316452026,0.159925580024719,0.170229703187943,29.7,16.2,72.7,39.6
"130","11433","36081036600",17,0.146925566343042,0.652750809061489,0.20779737,0.52595147,0.96477444,0.26242519,0.649089039470562,0.057188810082527,0.00406043188230021,0.143979328165375,0.342299741602067,0.519097089767456,0.0874364152550697,0.231625005602837,0.20341682434082,0.142501220107079,88.4,65.3,31.3,23.1
"131","11434","36081036600",27,0.105220511633291,0.684106956823706,0.13359836,0.30297529,0.97088346,0.11147039,0.868868285955099,0.0156463106275381,0.000398436901386867,0.124304156406238,0.259189612715469,0.427306056022644,0.0329136066138744,0.151874601840973,0.200842961668968,0.121791981160641,88.4,65.3,31.3,23.1
"132","11429","36081036600",12,0.19,0.5775,0.12175985,0.27270394,0.94775685,0.10674035,0.815349378317458,0.030793281465862,0.00236312077364939,0.0771543848964677,0.208434835566382,0.443093538284302,0.0510474666953087,0.155944272875786,0.193692609667778,0.124689988791943,88.4,65.3,31.3,23.1
"133","11411","36081036600",7,0.213610586011342,0.54820415879017,0.04379181,0.14882943,0.97126766,0.0428117,0.919278302132763,0.0128278667153361,0.00417166397246702,0.0715336907389888,0.14101755492484,0.422978729009628,0.025464104488492,0.101172290742397,0.199922263622284,0.116343386471272,88.4,65.3,31.3,23.1
"134","11412","36081036600",18,0.186761229314421,0.570921985815603,0.09376504,0.24600289,0.98137437,0.06513664,0.888803396126293,0.0253648182541788,0.00469620589015654,0.121999154165734,0.239594994651342,0.403910279273987,0.0163564067333937,0.125338777899742,0.198528066277504,0.115606501698494,88.4,65.3,31.3,23.1
"135","11422","36081036600",15,0.187134502923977,0.589181286549708,0.08430661,0.19535284,0.92095492,0.06664826,0.854490779097241,0.0307158857283132,0.000644389211083494,0.0729631651626578,0.179517646681011,0.348697066307068,0.0227643940597773,0.117998503148556,0.195337325334549,0.115892186760902,88.4,65.3,31.3,23.1
"136","11436","36081036600",12,0.111512415349887,0.633408577878104,0.13164872,0.29668308,0.93836316,0.13273147,0.7014885270568,0.0799075716051373,0.00843677790316514,0.132650982788471,0.269833995315205,0.421803504228592,0.0398443304002285,0.173050448298454,0.19707365334034,0.127806127071381,88.4,65.3,31.3,23.1
"137","11413","36081036600",17,0.180793507664563,0.585662759242561,0.07098111,0.19904106,0.9774281,0.04687088,0.922137734174483,0.0142963371632805,0.00103144714433064,0.083997988072142,0.187851787981126,0.397941887378693,0.0178585983812809,0.131310611963272,0.19745659828186,0.112502552568913,88.4,65.3,31.3,23.1
"138","11373","36081047300",19,0.416419077404222,0.488819390148554,0.19775417,0.46081252,0.62024763,0.40958963,0.0167604976517431,0.487543812616048,0.00394189429368602,0.222113058549833,0.298375212019538,0.409536004066467,0.413961231708527,0.287676364183426,0.203046172857285,0.214208841323853,188.2,154.9,317.2,261.1
"139","11369","36081048100",16,0.334007278608977,0.576627577840679,0.17884048,0.41695511,0.74306357,0.63599418,0.170287491846872,0.130249360293011,0.00148010636696603,0.215084592535193,0.284411726720909,0.414570838212967,0.210031881928444,0.231977507472038,0.223577469587326,0.23292750120163,115.4,84,38.2,27.8
"140","11372","36081048100",17,0.495023958717287,0.374124585329893,0.19840336,0.44233644,0.38759849,0.57548812,0.026122591057245,0.204882756874782,0.00268978829783868,0.216049091338211,0.277570608134686,0.395923137664795,0.326583415269852,0.239962294697762,0.203392505645752,0.224282324314117,115.4,84,38.2,27.8
"141","11368","36081048100",22,0.415449283351709,0.529423925027563,0.24514144,0.56628398,0.58229832,0.72733614,0.131612084975314,0.108212166508131,0.0102640757349278,0.233054367145703,0.356847473673869,0.36988553404808,0.341393679380417,0.399252563714981,0.229621648788452,0.249730050563812,115.4,84,38.2,27.8
"142","11370","36081048100",11,0.305241521068859,0.564234326824255,0.1632198,0.36765817,0.62132282,0.38377767,0.147804030768382,0.208513688621764,0.00248132116566954,0.187263896384242,0.250978143550998,0.595473766326904,0.178497105836868,0.291668325662613,0.183498948812485,0.192604213953018,115.4,84,38.2,27.8
"143","11377","36081048900",23,0.417329093799682,0.448065712771595,0.15794832,0.4065908,0.5198282,0.39306716,0.0282890520469086,0.366149833031628,0.00217002664747748,0.229326737892027,0.294291159000142,0.389042288064957,0.256283164024353,0.260612308979034,0.186086282134056,0.196810737252235,26.1,24.1,77.6,71.7
"144","11378","36081051100",14,0.277719112988384,0.529039070749736,0.11862078,0.28474221,0.23374603,0.27899138,0.0184416931354119,0.103357749400402,0.0021066960523757,0.117568795430945,0.189284787123572,0.401537120342255,0.140983611345291,0.155358240008354,0.139662593603134,0.152412921190262,5.5,5.5,19.5,19.5
"145","11385","36081058100",22,0.215844243034575,0.538435716683451,0.17349123,0.37713788,0.18533536,0.44550194,0.0206028042983262,0.0689789477889186,0.00317580793352774,0.12728627079915,0.23568847326938,0.420340597629547,0.150758564472198,0.208163261413574,0.17285093665123,0.193480849266052,21.8,11.7,368.5,197.8
"146","11374","36081071306",13,0.199757869249395,0.50726392251816,0.12945348,0.28219565,0.37138687,0.18103943,0.0287854134762634,0.262418644716692,0.00220137825421133,0.0880846016001615,0.185760076726988,0.424888402223587,0.232294619083405,0.0947035402059555,0.143591567873955,0.14912636578083,55.2,43.6,106,83.7
"147","11379","36081073900",8,0.182232346241458,0.560364464692483,0.09842709,0.23426385,0.14194542,0.18289713,0.0127081875437369,0.0774527641707488,0.00019594121763471,0.100824724857151,0.154671095223351,0.441424280405045,0.116430349647999,0.152259662747383,0.124484270811081,0.13527438044548,134.2,90.4,161.7,108.9
"148","11375","36081073900",12,0.197624190064795,0.443844492440605,0.0871636,0.20176035,0.35764946,0.12937173,0.0286567507034974,0.259518750358927,0.0025124906678918,0.0689533134750936,0.153375409207538,0.394980490207672,0.146166205406189,0.0709283426403999,0.133452147245407,0.137342691421509,134.2,90.4,161.7,108.9
"149","11420","36081084000",17,0.21598968407479,0.583494519664732,0.12283332,0.37819629,0.8383039,0.22853953,0.267852159004824,0.200809377616522,0.0134763366691918,0.126785134696527,0.275864167478092,0.431616604328156,0.0484861768782139,0.241209372878075,0.188668116927147,0.167891845107079,15.3,11.3,45.5,33.6
"150","11356","36081084900",11,0.191740412979351,0.662979351032448,0.12259423,0.36293957,0.62327731,0.39088235,0.0186974789915966,0.300798319327731,0.00558823529411765,0.185293632464533,0.223152424942263,0.411186128854752,0.232308506965637,0.201826766133308,0.174129381775856,0.187100186944008,308.9,203.5,200.3,131.9
"151","11355","36081084900",13,0.234362628661916,0.6703615729744,0.22165159,0.52784326,0.8555472,0.1406222,0.0266351627107722,0.725724650652156,0.00675425721070657,0.221141479099678,0.253169499310978,0.472324728965759,0.489192873239517,0.280256301164627,0.179906532168388,0.176180705428123,308.9,203.5,200.3,131.9
"152","11354","36081084900",11,0.187664733790195,0.662361623616236,0.18653116,0.40665187,0.74945511,0.16378715,0.0363262630021441,0.59078907731292,0.00287066078358407,0.20375732749488,0.21888904583657,0.459999591112137,0.426504194736481,0.224525168538094,0.171506762504578,0.170402243733406,308.9,203.5,200.3,131.9
"153","11414","36081089200",9,0.168384879725086,0.532646048109966,0.0887184,0.21436792,0.15997495,0.19577622,0.0251896179806555,0.027590285992624,0,0.0878709406494961,0.19036954087346,0.437897473573685,0.0324194133281708,0.141616478562355,0.125998362898827,0.138396471738815,31.8,23.7,46.5,34.7
"154","11417","36081089200",13,0.14270211611503,0.623440043407488,0.15512483,0.31795832,0.60692103,0.36782228,0.0780517175814425,0.284478387628343,0.00478514387121308,0.116238600109568,0.263704037897586,0.425287812948227,0.10310036689043,0.227573409676552,0.183103576302528,0.190687030553818,31.8,23.7,46.5,34.7
"155","11697","36081091601",1,0.125,0.1875,0.03016924,0.10645082,0.01152526,0.01275135,0.000980872976949485,0,0,0.0397208803005904,0.144659151905529,0.508495926856995,0,0.0448430478572845,0.0911213085055351,0.0987018868327141,5,3,122.1,73.2
"156","11694","36081093401",7,0.103568320278503,0.664055700609225,0.06634038,0.22921109,0.15353141,0.12856279,0.0769051936578788,0.0262240200864835,0.000511461384665458,0.054071112981275,0.212392173364191,0.488154977560043,0.0588741414248943,0.11760888248682,0.122608549892902,0.12607416510582,7.1,6.3,23.6,20.9
"157","11693","36081094202",8,0.0622431004110393,0.736934820904287,0.20549761,0.369277,0.43808432,0.17498677,0.317957311695184,0.0571529370259305,0,0.0693454309786131,0.309230626793815,0.492737680673599,0.0664887726306915,0.172486767172813,0.162620306015015,0.147082731127739,3.6,3.6,76.6,76.6
"158","11692","36081097203",17,0.051186943620178,0.70459940652819,0.22641838,0.47598329,0.71374513,0.23900946,0.571786310517529,0.0320534223706177,0.00439621591541458,0.0765265662172879,0.385342320909331,0.515174508094788,0.0827361568808556,0.254256933927536,0.194734379649162,0.142228037118912,22,19,80.7,69.7
"159","11691","36081099801",23,0.134006680451726,0.698743438842055,0.25240293,0.47192284,0.6245106,0.28286751,0.474391549610879,0.0295316170477971,0.00225322402799751,0.0736491555506761,0.371264935682787,0.490917712450027,0.163280040025711,0.300409764051437,0.186727404594421,0.154281824827194,79.8,38.4,193.4,93
"160","11361","36081112300",7,0.173241852487136,0.596912521440823,0.08198093,0.22255312,0.47818925,0.15583817,0.0264891934633632,0.348148392198208,0.00596336320506062,0.0835337341349365,0.111022044088176,0.402863383293152,0.152371153235435,0.11313258856535,0.144142493605614,0.146387413144112,113.1,91.8,83.6,67.8
"161","11359","36081112300",0,NA,NA,NA,NA,NA,NA,NA,NA,NA,0,0,NA,NA,NA,0,0,113.1,91.8,83.6,67.8
"162","11358","36081112300",8,0.229029217719133,0.590951932139491,0.10899907,0.27839957,0.5233034,0.14978477,0.018919062549822,0.420337992241059,0.000584577775415847,0.137366474407056,0.15694591728526,0.424088090658188,0.21846504509449,0.151127368211746,0.150438994169235,0.154171049594879,113.1,91.8,83.6,67.8
"163","11360","36081112300",2,0.10738255033557,0.577181208053691,0.06400402,0.15960814,0.34193613,0.10308295,0.0110463948584053,0.256326571600723,0.0012552721430006,0.117296631059984,0.111442070665571,0.457481801509857,0.112912632524967,0.0658771768212318,0.130054712295532,0.134622141718864,113.1,91.8,83.6,67.8
"164","11357","36081112300",8,0.189565217391304,0.558260869565217,0.0593008,0.17080614,0.23851877,0.12959495,0.00418843007785552,0.183477875234059,0.00238986892677639,0.135988769959642,0.135587697089715,0.470853894948959,0.136805236339569,0.144396036863327,0.126574903726578,0.134725406765938,113.1,91.8,83.6,67.8
"165","10304","36085005000",15,0.199655765920826,0.589787722317843,0.20421933,0.37815044,0.4941716,0.273648,0.266099751576534,0.107682017962928,0.00513567743168355,0.0842737798622307,0.266866969563731,0.467804759740829,0.0947841107845306,0.184675976634026,0.0964173749089241,0.0967248976230621,177,103.8,159.5,93.5
"166","10305","36085005000",10,0.194291986827662,0.493962678375412,0.11066877,0.27347979,0.22545875,0.14424538,0.0429456728798437,0.120132140531938,0.00752332955559307,0.0797137585398693,0.177604348476537,0.463388413190842,0.102593392133713,0.135541751980782,0.10446435958147,0.0916019901633263,177,103.8,159.5,93.5
"167","10301","36085012100",19,0.225790265930758,0.572503763171099,0.20780734,0.38703473,0.42395915,0.27644982,0.260421164935098,0.0532933675413417,0.000381029796530089,0.0795939889269707,0.275692064329027,0.457990974187851,0.0779819786548615,0.149894922971725,0.0894399806857109,0.0971563011407852,155,83.6,170.1,91.8
"168","10302","36085012100",7,0.233460907599781,0.631492618917441,0.25613429,0.39956502,0.3922851,0.38901513,0.200077592418112,0.0717729867538658,0,0.0838897264699548,0.292160241223347,0.47077339887619,0.0953969284892082,0.16520693898201,0.0901093930006027,0.104465201497078,155,83.6,170.1,91.8
"169","10303","36085012100",12,0.117440841367222,0.652059596844873,0.23576399,0.41186643,0.61290455,0.38512403,0.372638409725645,0.0747905372104485,0.00751601774273041,0.0888730328616165,0.303087961311293,0.483262807130814,0.0684693604707718,0.177971169352531,0.0845219492912292,0.106567516922951,155,83.6,170.1,91.8
"170","10310","36085012100",10,0.245335820895522,0.612873134328358,0.21935614,0.34492812,0.42817266,0.28751163,0.265544722682956,0.0563129576439176,0.00101136777377726,0.0813323005422153,0.267738187451588,0.453237414360046,0.0509121268987656,0.132410556077957,0.0898211896419525,0.0997859314084053,155,83.6,170.1,91.8
"171","10308","36085013203",6,0.137362637362637,0.434065934065934,0.07281456,0.15496173,0.06176816,0.10498239,0.00134205670189565,0.0409998322429123,0.00268411340379131,0.0453582306979208,0.114157065289366,0.442505061626434,0.0296974219381809,0.0939406678080559,0.100419573485851,0.0880551040172577,15.1,11.1,43.9,32.3
"172","10306","36085013400",8,0.231578947368421,0.431578947368421,0.06676074,0.2065313,0.1098783,0.12957295,0.0310085993295438,0.0538551231598892,0.000291502696399942,0.0554932735426009,0.122234678624813,0.452359586954117,0.0584457293152809,0.0932806953787804,0.0980267152190208,0.0911223888397217,49.2,47.2,90.9,87.2
"173","10312","36085017005",7,0.173913043478261,0.339673913043478,0.07155392,0.15321033,0.07598396,0.08894526,0.00908272645446363,0.0524343343425252,0.00036003600360036,0.0451045810342615,0.104885794944181,0.435173839330673,0.0263108257204294,0.081647977232933,0.10089048743248,0.0890565365552902,26.2,26.3,85.9,86.2
"174","10307","36085019800",2,0.328571428571429,0.328571428571429,0.06250838,0.20402414,0.05751033,0.08369985,0.00079968012794882,0.0392509662801546,0.000666400106624017,0.0429597332649397,0.137342908438061,0.445244073867798,0.0369473062455654,0.0665204674005508,0.0989426821470261,0.0892047360539436,28.8,17.1,53.6,31.8
"175","10309","36085019800",5,0.251396648044693,0.407821229050279,0.09627982,0.19012218,0.08342819,0.10993949,0.0238451860283985,0.0364268168474028,0.00158768198430292,0.0456310396169679,0.129711266166467,0.439702600240707,0.033783782273531,0.0970968306064606,0.0991095453500748,0.0898943245410919,28.8,17.1,53.6,31.8
"176","10314","36085027704",11,0.202380952380952,0.509316770186335,0.07885271,0.20644191,0.22760614,0.12499429,0.0446734609935561,0.140921347287601,0.00143960513687674,0.0719367303455997,0.148231073874785,0.437592744827271,0.0474622249603271,0.103279881179333,0.109264925122261,0.0899761617183685,41.5,32.5,109.7,85.9
"177","10470","36119001503",16,0.129337539432177,0.531545741324921,0.12160702,0.29547603,0.55073925,0.1969086,0.337365591397849,0.0372311827956989,0.00288978494623656,0.104508912967494,0.235512058720727,0.411245316267014,0.0535007752478123,0.160660803318024,0.156657829880714,0.175803944468498,11.1,10.1,109,99.1
